<?xml version="1.0" encoding="UTF-8"?>
<beans xmlns="http://www.springframework.org/schema/beans"
	xmlns:xsi="http://www.w3.org/2001/XMLSchema-instance" 
	xmlns:context="http://www.springframework.org/schema/context"
	xmlns:mvc="http://www.springframework.org/schema/mvc"
	xmlns:dwr="http://www.directwebremoting.org/schema/spring-dwr"
	xsi:schemaLocation="http://www.springframework.org/schema/mvc 
	http://www.springframework.org/schema/mvc/spring-mvc-3.1.xsd
	http://www.springframework.org/schema/beans 
	http://www.springframework.org/schema/beans/spring-beans-3.1.xsd
	http://www.springframework.org/schema/context 
	http://www.springframework.org/schema/context/spring-context-3.1.xsd
	http://www.directwebremoting.org/schema/spring-dwr
    http://www.directwebremoting.org/schema/spring-dwr-3.0.xsd">
	
	<import resource="spring-mvc-servlet.xml"/>
	<import resource="spring-data-jpa.xml"/>
	<import resource="spring-struts2-servlet.xml"/>
	<!--  
	<import resource="spring-mvc-dwr.xml"/>
	-->
	<import resource="spring-hibernate.xml"/>
	<import resource="spring-ibatis.xml"/>
	<import resource="spring-mybatis.xml"/>
	<import resource="spring-jdbc.xml"/>
	<import resource="spring-memcached.xml"/>
	<import resource="spring-system-aop.xml"/>
	
</beans>