<?xml version="1.0" encoding="UTF-8"?>
<beans xmlns="http://www.springframework.org/schema/beans"
	xmlns:xsi="http://www.w3.org/2001/XMLSchema-instance" 
	xmlns:context="http://www.springframework.org/schema/context"
	xmlns:mvc="http://www.springframework.org/schema/mvc"
	xmlns:aop="http://www.springframework.org/schema/aop"
	xmlns:tx="http://www.springframework.org/schema/tx"
	xsi:schemaLocation="http://www.springframework.org/schema/mvc 
	http://www.springframework.org/schema/mvc/spring-mvc-3.1.xsd
	http://www.springframework.org/schema/beans 
	http://www.springframework.org/schema/beans/spring-beans-3.1.xsd
	http://www.springframework.org/schema/aop 
	http://www.springframework.org/schema/aop/spring-aop-3.1.xsd
	http://www.springframework.org/schema/tx 
	http://www.springframework.org/schema/tx/spring-tx-3.1.xsd
	http://www.springframework.org/schema/context 
	http://www.springframework.org/schema/context/spring-context-3.1.xsd">
	
	<context:annotation-config></context:annotation-config>
	<context:component-scan base-package="com.towne.framework.mybatis.*"></context:component-scan>
	<tx:annotation-driven transaction-manager="myBatisTransactionManager"/>
	
	<bean id="myBatisDataSource" class="org.springframework.jdbc.datasource.DriverManagerDataSource">
		<property name="driverClassName" value="com.mysql.jdbc.Driver"></property>
		<property name="username" value="root"></property>
		<property name="password" value=""></property>
		<property name="url" value="jdbc:mysql://localhost:3306/mybatis?useUnicode=true&amp;characterEncoding=utf8"></property>
	</bean>
	
	<bean id="sqlSession" class="org.mybatis.spring.SqlSessionFactoryBean">
		<property name="dataSource" ref="myBatisDataSource"></property>
		<property name="typeAliasesPackage" value="com.towne.framework.mybatis"></property>
	</bean>	
	
	<bean id="myBatisTransactionManager" class="org.springframework.jdbc.datasource.DataSourceTransactionManager">
		<property name="dataSource" ref="myBatisDataSource"></property>
	</bean>
	
	<bean class="org.mybatis.spring.mapper.MapperScannerConfigurer">
      	<property name="basePackage" value="com.towne.framework.mybatis.dao" />
    </bean>
	
		
</beans>