<?xml version="1.0" encoding="UTF-8"?>
<beans xmlns="http://www.springframework.org/schema/beans"
	xmlns:xsi="http://www.w3.org/2001/XMLSchema-instance" 
	xmlns:jdbc="http://www.springframework.org/schema/jdbc"
	xmlns:jpa="http://www.springframework.org/schema/data/jpa"
	xmlns:context="http://www.springframework.org/schema/context"
	xmlns:aop="http://www.springframework.org/schema/aop"
	xmlns:tx="http://www.springframework.org/schema/tx"
	xsi:schemaLocation="http://www.springframework.org/schema/jdbc 
	http://www.springframework.org/schema/jdbc/spring-jdbc-3.1.xsd
	http://www.springframework.org/schema/beans 
	http://www.springframework.org/schema/beans/spring-beans-3.1.xsd
	http://www.springframework.org/schema/context 
	http://www.springframework.org/schema/context/spring-context-3.1.xsd
	http://www.springframework.org/schema/aop 
	http://www.springframework.org/schema/aop/spring-aop-3.1.xsd
	http://www.springframework.org/schema/tx 
	http://www.springframework.org/schema/tx/spring-tx-3.1.xsd
	http://www.springframework.org/schema/data/jpa 
	http://www.springframework.org/schema/data/jpa/spring-jpa.xsd">
	
	<context:component-scan base-package="com.towne.framework.spring.data.jpa">
		<context:exclude-filter type="annotation" expression="org.springframework.stereotype.Controller"/>
	</context:component-scan>
	
	<context:property-placeholder location="classpath:jdbc.properties"/>
	
	<tx:annotation-driven transaction-manager="transactionManager"/>
	
	<bean id="dataSource" class="org.springframework.jdbc.datasource.DriverManagerDataSource">
		<property name="username" value="${username}"></property>
		<property name="password" value="${password}"></property>
		<property name="url" value="${url}"></property>
		<property name="driverClassName" value="${driverClassName}"></property>
	</bean>
	
	<bean id="entityManagerFactory" class="org.springframework.orm.jpa.LocalContainerEntityManagerFactoryBean">
		<property name="persistenceXmlLocation" value="classpath:META-INF/persistence.xml"></property>
		<property name="jpaVendorAdapter">
			<bean class="org.springframework.orm.jpa.vendor.HibernateJpaVendorAdapter">
				<property name="database" value="MYSQL"></property>
			</bean>
		</property>
		<property name="persistenceUnitName" value="spring.data.jpa.framework"></property>
	</bean>
	
	<bean id="transactionManager" class="org.springframework.orm.jpa.JpaTransactionManager">
		<property name="entityManagerFactory" ref="entityManagerFactory"></property>
 	</bean>
	
	<jpa:repositories base-package="com.towne.framework.spring.data.jpa.repository"
		transaction-manager-ref="transactionManager"
		entity-manager-factory-ref="entityManagerFactory"
		></jpa:repositories>
</beans>