<?xml version="1.0" encoding="UTF-8"?>
<beans xmlns="http://www.springframework.org/schema/beans"
	xmlns:xsi="http://www.w3.org/2001/XMLSchema-instance" 
	xmlns:context="http://www.springframework.org/schema/context"
	xmlns:mvc="http://www.springframework.org/schema/mvc"
	xmlns:aop="http://www.springframework.org/schema/aop"
	xmlns:tx="http://www.springframework.org/schema/tx"
	xsi:schemaLocation="http://www.springframework.org/schema/mvc 
	http://www.springframework.org/schema/mvc/spring-mvc-3.1.xsd
	http://www.springframework.org/schema/beans 
	http://www.springframework.org/schema/beans/spring-beans-3.1.xsd
	http://www.springframework.org/schema/aop 
	http://www.springframework.org/schema/aop/spring-aop-3.1.xsd
	http://www.springframework.org/schema/tx 
	http://www.springframework.org/schema/tx/spring-tx-3.1.xsd
	http://www.springframework.org/schema/context 
	http://www.springframework.org/schema/context/spring-context-3.1.xsd">
	
	<context:annotation-config></context:annotation-config>
	<context:component-scan base-package="com.towne.framework.ibatis"></context:component-scan>
	
	<aop:config></aop:config>
	<tx:annotation-driven transaction-manager="ibatisTransactionManager"/>
	
	<bean id="ibatisDataSource" class="org.springframework.jdbc.datasource.DriverManagerDataSource">
		<property name="driverClassName" value="com.mysql.jdbc.Driver"></property>
		<property name="username" value="root"></property>
		<property name="password" value=""></property>
		<property name="url" value="jdbc:mysql://localhost:3306/mybatis?useUnicode=true&amp;characterEncoding=utf8"></property>
	</bean>
	
	<bean id="ibatisTransactionManager" class="org.springframework.jdbc.datasource.DataSourceTransactionManager">
		<property name="dataSource" ref="ibatisDataSource"></property>
	</bean>
	

	
	<bean id="sqlMapClient" class="org.springframework.orm.ibatis.SqlMapClientFactoryBean">
		<property name="configLocation" value="classpath:sqlMapConfig.xml"></property>
		<property name="dataSource" ref="ibatisDataSource"></property>
	</bean>
	
	
	<bean id="sqlMapClientTemplate" class="org.springframework.orm.ibatis.SqlMapClientTemplate">
		<property name="sqlMapClient" ref="sqlMapClient"></property>
	</bean>
	
	
		
</beans>