<?xml version="1.0" encoding="UTF-8"?>
<beans xmlns="http://www.springframework.org/schema/beans"
	xmlns:xsi="http://www.w3.org/2001/XMLSchema-instance" 
	xmlns:context="http://www.springframework.org/schema/context"
	xmlns:p="http://www.springframework.org/schema/p"
	xmlns:mvc="http://www.springframework.org/schema/mvc"
	xsi:schemaLocation="http://www.springframework.org/schema/mvc 
	http://www.springframework.org/schema/mvc/spring-mvc-3.1.xsd
	http://www.springframework.org/schema/beans 
	http://www.springframework.org/schema/beans/spring-beans-3.1.xsd
	http://www.springframework.org/schema/context 
	http://www.springframework.org/schema/context/spring-context-3.1.xsd">
	
	<context:component-scan base-package="com.towne.framework.*">
		<context:include-filter type="annotation" expression="org.springframework.stereotype.Controller"/>
	</context:component-scan>
	
	
	<mvc:annotation-driven />
	
	<!-- 用于将实体转化为xml格式的数据 -->
	<bean class="org.springframework.oxm.jaxb.Jaxb2Marshaller" id="jaxbMarshaller">
		<property name="classesToBeBound">
			<list>
				<value>com.towne.framework.springmvc.model.Contact</value>
				<value>com.towne.framework.springmvc.model.Contacts</value>
			</list>
		</property>
	</bean>

	<bean id="resourceBundleViewResolver" class="org.springframework.web.servlet.view.ResourceBundleViewResolver">
		<property name="basename" value="views"></property>
	</bean>


	<!-- 处理jsp视图 -->
	<bean class="org.springframework.web.servlet.view.InternalResourceViewResolver">
		<property name="viewClass" value="org.springframework.web.servlet.view.JstlView"></property>
		<property name="prefix" value="/WEB-INF/views/" />
		<property name="suffix" value=".jsp" />
	</bean>
	
	<!-- 明确指明某一个请求过来用那个controller来处理 -->
	<bean id="simpleUrlHandlerMapping" class="org.springframework.web.servlet.handler.SimpleUrlHandlerMapping">
		<property name="alwaysUseFullPath" value="true"></property>
		<property name="mappings">
			<props>
				<prop key="/simpleUrl.do">simpleUrlController</prop>
			</props>
		</property>
	</bean>
	
	<!-- velocity视图解析 -->
	
	<!-- 
	<bean id="velocityConfig" class="org.springframework.web.servlet.view.velocity.VelocityConfigurer">
		<property name="resourceLoaderPath" value="/WEB-INF/velocity/" />
		<property name="configLocation" value="/WEB-INF/velocity.properties"></property>
	</bean> 
	

	<bean id="velocityViewResolver" class="org.springframework.web.servlet.view.velocity.VelocityViewResolver">
		<property name="cache" value="true" />
		<property name="prefix" value="/" />
		<property name="suffix" value=".vm" />
		<property name="exposeSpringMacroHelpers" value="true" />
	</bean>
	-->

	<!-- freeMarker视图解析 -->

    <!-- 
	<bean id="freemarkerConfig" class="org.springframework.web.servlet.view.freemarker.FreeMarkerConfigurer">
		<property name="templateLoaderPath" value="/WEB-INF/freemarker/" />
	</bean>

	<bean id="freeMarkerViewResolver" class="org.springframework.web.servlet.view.freemarker.FreeMarkerViewResolver">
		<property name="cache" value="true" />
		<property name="prefix" value="" />
		<property name="suffix" value=".ftl" />
		<property name="exposeSpringMacroHelpers" value="true" />
	</bean>
	-->
	
	<!-- 按bean的名字去解析  查看rssViewer视图 -->
	<bean class="org.springframework.web.servlet.view.BeanNameViewResolver" />
	
	<!-- springmvc 上传 bean -->
    <bean id="multipartResolver"  
        class="org.springframework.web.multipart.commons.CommonsMultipartResolver" p:defaultEncoding="utf-8">  
        <property name="maxUploadSize">  
            <value>104857600</value>  
        </property>  
    </bean>   
	
</beans>