<?xml version="1.0" encoding="UTF-8" ?>
<!DOCTYPE struts PUBLIC
	"-//Apache Software Foundation//DTD Struts Configuration 2.3//EN"
	"http://struts.apache.org/dtds/struts-2.3.dtd">
	<struts>
		<constant name="struts.objectFactory" value="spring" />
		<package name="struts2" extends="struts-default,spring-default">
			<action name="departmentAction" class="departmentAction">
				<result name="success" type="redirect">http://www.baidu.com</result>
			</action>
			<action name="helloAction" class="helloAction">
			
			</action>
		</package>
	</struts>