<?xml version="1.0" encoding="UTF-8"?>
<!DOCTYPE mapper PUBLIC "-//mybatis.org//DTD Mapper 3.0//EN" 
"http://mybatis.org/dtd/mybatis-3-mapper.dtd">

<mapper namespace="com.towne.framework.mybatis.dao.ProductMapper">

  <cache />

	<select id="listAllProduct" resultType="Product">
		SELECT
	      ID,
	      NAME,
	      DESCRIPTION as description,
	      CATEGORYID as categoryId
	    FROM PRODUCT
	</select>


  <select id="getProduct" parameterType="string" resultType="Product">
    SELECT
      ID,
      NAME,
      DESCRIPTION as description,
      CATEGORYID as categoryId
    FROM PRODUCT
    WHERE ID = #{id}
  </select>

  <select id="getProductListByCategory" parameterType="string" resultType="Product">
    SELECT
      ID,
      NAME,
      DESCRIPTION as description,
      CATEGORYID as categoryId
    FROM PRODUCT
    WHERE CATEGORYID = #{categoryid}
  </select>

  <select id="searchProductList" parameterType="string" resultType="Product">
    select
      ID,
      NAME,
      DESCRIPTION as description,
      CATEGORYID as categoryId
    from PRODUCT
    WHERE lower(name) like #{name}
  </select>

</mapper>